Track URI,Track Name,Album Name,Artist Name(s),Release Date,Duration (ms),Popularity,Explicit,Added By,Added At,Genres,Record Label,Danceability,Energy,Key,Loudness,Mode,Speechiness,Acousticness,Instrumentalness,Liveness,Valence,Tempo,Time Signature
spotify:track:7pv80uUHfocFqfTytu1MVi,"Didn't Cha Know","Mama's Gun","Erykah Badu",2000-10-31,238733,71,false,xxx,2025-07-15T22:05:44Z,"neo soul,r&b","Motown (Kedar)",0.753,0.472,3,-9.761,0,0.121,0.484,0.0127,0.284,0.816,135.276,4
spotify:track:7wgZCec9TpT6OPH8gKK0fG,"ROCKET","ROCKET","Doechii",2024-06-28,166315,54,false,xxx,2025-07-17T03:38:58Z,"","Top Dawg Entertainment/Capitol Records",0.622,0.78,1,-6.441,1,0.341,0.0702,0.00233,0.331,0.755,113.184,4
spotify:track:5TFD2bmFKGhoCRbX61nXY5,"NUEVAYoL","DeBÍ TiRAR MáS FOToS","Bad Bunny",2025-01-05,183685,89,false,xxx,2025-11-04T09:04:45Z,"reggaeton,trap latino,urbano latino,latin","Rimas Entertainment LLC.",0.142,0.195,6,-20.024,1,0.139,0.265,0.995,0.204,0.12,137.922,4
spotify:track:7p4vHnYXkxlzvfePJVpcTr,"Feels Like Summer","Summer Pack","Childish Gambino",2018-07-11,297404,73,false,xxx,2025-07-15T22:18:42Z,"","Wolf+Rothstein/RCA Records",0.55,0.596,7,-8.214,1,0.134,0.162,0.00481,0.0805,0.253,165.736,4
spotify:track:5pyoxDZ1PX0KxBxiRVxA4U,"BREAK MY SOUL","RENAISSANCE","Beyoncé",2022-07-29,278281,66,false,xxx,2025-07-15T22:30:28Z,"","Parkwood Entertainment/Columbia",0.693,0.887,1,-5.039,0,0.0795,0.0581,0.00000271,0.27,0.864,114.942,4
spotify:track:7eEr7lgWYudwEKEaWCPiPI,"BLACKBIIRD","COWBOY CARTER","Beyoncé;Tanner Adell;Brittney Spencer;Tiera Kennedy;Reyna Roberts",2024-03-29,131949,60,false,xxx,2025-07-15T22:49:07Z,"","Parkwood Entertainment/Columbia",0.476,0.192,7,-12.553,1,0.0269,0.716,0,0.11,0.201,93.709,4
spotify:track:2RQAG0wQt35UzAPEyVJFWN,"Love Drought","Lemonade","Beyoncé",2016-04-23,237440,66,false,xxx,2025-07-15T22:54:26Z,"","Parkwood Entertainment/Columbia",0.455,0.535,9,-10.602,0,0.0426,0.0209,0.64,0.126,0.216,157.01,4
spotify:track:3xKsf9qdS1CyvXSMEid6g8,"Pink + White","Blonde","Frank Ocean",2016-08-20,184516,86,false,xxx,2025-07-17T03:42:43Z,"","Boys Don't Cry",0.545,0.545,9,-7.362,1,0.107,0.667,0.0000548,0.417,0.549,159.94,3
spotify:track:3GCdLUSnKSMJhs4Tj6CV3s,"All The Stars (with SZA) - From ""Black Panther: The Album""","Black Panther The Album Music From And Inspired By","Kendrick Lamar;SZA",2018-02-09,232186,89,true,xxx,2025-11-04T08:43:38Z,"hip hop,west coast hip hop,r&b","Black Panther (TDE/DMG) PS",0.695,0.633,8,-4.946,1,0.0599,0.0612,0.000195,0.0926,0.557,96.782,4
spotify:track:2YXGbxICUdOUJe9OPlicy1,"Pink","Barbie The Album","Lizzo",2023-07-21,143833,54,false,xxx,2025-07-15T23:32:11Z,"","Atlantic Records",0.861,0.611,1,-7.891,1,0.0427,0.0764,0,0.0763,0.803,114.995,4
spotify:track:5LIwaG8Wl9LfExcmiRQm7J,"Send It On","Voodoo","D'Angelo",2000-01-01,356493,67,false,xxx,2025-11-04T08:55:15Z,"neo soul","Virgin Records",0.788,0.258,5,-11.758,1,0.104,0.171,0.00721,0.326,0.335,127.492,3
spotify:track:1uNSDmdnCmOgMvAyfCnh2Q,"I AM - From the Ava DuVernay feature film 'Origin'","I AM (From the Ava DuVernay feature film 'Origin')","Stan Walker",2023-11-27,269682,48,false,xxx,2025-07-15T23:18:00Z,"nz reggae","Sony Music Entertainment",0.406,0.543,2,-7.15,0,0.035,0.0116,0,0.542,0.128,124.015,4
spotify:track:1HmzAZUvhQLhLo2z3ocpZI,"Radio Ga Ga - Remastered 2011","The Works (Deluxe Remastered Version)","Queen",1984-02-27,348226,64,false,xxx,2025-07-15T23:26:26Z,"classic rock,rock,glam rock","Hollywood Records",0.744,0.502,5,-7.705,1,0.0359,0.179,0.000172,0.19,0.655,112.345,4
spotify:track:6IXANTg9CWP73yEXqTHkBx,"Basketball","The Best Of Kurtis Blow","Kurtis Blow",1994-01-01,386040,38,false,xxx,2025-07-15T22:40:30Z,"old school hip hop,east coast hip hop","Island Mercury",0.875,0.508,7,-12.308,1,0.0832,0.0209,0.00261,0.227,0.82,104.361,4
spotify:track:0bLOiofyBB62YU2cNnONJG,"Someone Saved My Life Tonight","Captain Fantastic And The Brown Dirt Cowboy","Elton John",1975-05-19,404933,56,false,xxx,2025-07-15T23:29:27Z,"","EMI",0.457,0.428,1,-9.796,1,0.0283,0.329,0.00000221,0.169,0.151,129.98,4
spotify:track:6yjKlmm7vOszkXEUku1EM1,"New York State of Mind","Turnstiles","Billy Joel",1976-05-19,362400,65,false,xxx,2025-07-15T23:25:13Z,"soft rock","Columbia",0.506,0.373,0,-9.473,1,0.0347,0.499,0.0000405,0.323,0.194,121.289,4
spotify:track:4e9hUiLsN4mx61ARosFi7p,"The Spirit Of Radio","Permanent Waves","Rush",1980-01-01,296466,64,false,xxx,2025-07-15T22:16:14Z,"progressive rock,classic rock,hard rock,rock,aor","Island Mercury",0.365,0.924,4,-7.066,1,0.0488,0.0144,0.000254,0.423,0.632,135.811,4
spotify:track:5pANOgOr3fv1DxyxULU7Mh,"Free","This Is Niecy (Expanded Edition)","Deniece Williams",1976-08-13,358186,40,false,xxx,2025-07-15T22:00:10Z,"","Columbia",0.488,0.363,6,-11.679,1,0.0347,0.79,0.181,0.148,0.474,87.653,4
spotify:track:00kvKlIvfzQLSi6T2zwXuS,"Strawberry Letter 23","Right On Time","The Brothers Johnson",1977-01-01,299066,61,false,xxx,2025-07-15T21:57:34Z,"funk,disco","A&M",0.73,0.622,7,-11.7,0,0.0532,0.269,0.00874,0.111,0.752,90.973,4
spotify:track:0AECVMjxepWdsjDb49JFRd,"Tell Me Something Good","The Very Best Of Rufus Featuring Chaka Khan","Rufus;Chaka Khan",1982-01-01,280040,47,false,xxx,2025-11-04T09:06:25Z,"quiet storm","Geffen*",0.723,0.404,1,-9.184,1,0.23,0.653,0,0.116,0.796,73.983,4
spotify:track:2LlQb7Uoj1kKyGhlkBf9aC,"Thriller","Thriller","Michael Jackson",1982-11-30,357800,78,false,xxx,2025-07-15T23:13:02Z,"","Epic",0.771,0.687,11,-9.814,1,0.0693,0.0318,0.000225,0.89,0.783,118.392,4
spotify:track:2W9u3whoCkQYOUbmnSrHi1,"What'd I Miss","Hamilton (Original Broadway Cast Recording)","Daveed Diggs;Leslie Odom Jr.;Okieriete Onaodowan;Original Broadway Cast of Hamilton",2015-09-25,236701,68,false,xxx,2025-07-15T22:44:53Z,"musicals","Atlantic Records",0.539,0.577,7,-7.763,1,0.386,0.169,0,0.14,0.319,177.787,4
spotify:track:7sZDbHZiuHEzS00vzCuhqS,"Rapper's Delight","The Showdown: The Sugarhill Gang vs. Grandmaster Flash & The Furious Five","The Sugarhill Gang",1999-01-24,427360,54,false,xxx,2025-07-15T22:40:01Z,"old school hip hop,funk","Rhino",0.9,0.845,11,-7.306,0,0.257,0.465,0,0.0724,0.914,111.187,4
spotify:track:4pNiE4LCVV74vfIBaUHm1b,"Sir Duke","Songs In The Key Of Life","Stevie Wonder",1976-09-28,232760,72,false,xxx,2025-07-15T22:12:01Z,"motown,classic soul,soul","UNI/MOTOWN",0.588,0.568,6,-9.766,1,0.0672,0.16,0,0.0792,0.952,106.938,4
spotify:track:0hKRSZhUGEhKU6aNSPBACZ,"A Day In The Life - Remastered 2009","Sgt. Pepper's Lonely Hearts Club Band (Remastered)","The Beatles",1967-06-01,337413,61,false,xxx,2025-07-15T23:10:35Z,"classic rock,psychedelic rock","EMI Catalogue",0.364,0.457,4,-14.162,0,0.0675,0.29,0.000106,0.922,0.175,163.219,4
spotify:track:0cr1UXsH8XdUfrpvxHCane,"Starfish and Coffee","Sign ""O"" the Times","Prince",1987-03-30,170506,38,false,xxx,2025-07-15T23:16:40Z,"funk,funk rock","Rhino/Warner Records",0.57,0.477,6,-15.043,0,0.0553,0.501,0,0.123,0.799,204.462,4
spotify:track:1WDgdCoNSN0fosaTaLGXKU,"Takin' It to the Streets","Takin' It to the Streets","The Doobie Brothers",1976-03-12,231600,58,false,xxx,2025-07-15T23:24:33Z,"yacht rock,classic rock,soft rock,southern rock","Warner Records",0.637,0.697,0,-8.903,1,0.0297,0.171,0,0.108,0.938,147.103,4
spotify:track:18zHhKCCwidy2O6j5KPBOI,"Got to Get You Into My Life","Greatest Hits","Earth, Wind & Fire",1998-11-17,250200,36,false,xxx,2025-07-15T22:56:48Z,"funk,disco","Columbia/Legacy",0.709,0.504,6,-11.829,1,0.0553,0.696,0.00157,0.595,0.831,141.15,4
spotify:track:5gaUkg5JNk8c4mr2jnpX8H,"Give Me the Night","Give Me the Night","George Benson",1980-07-16,301026,67,false,xxx,2025-07-15T21:57:53Z,"smooth jazz,yacht rock,jazz funk,soul jazz","Rhino/Warner Records",0.835,0.765,1,-7.831,1,0.0681,0.475,0.0692,0.12,0.855,110.282,4
spotify:track:2JuD9XQ80unCfaJK2FX9HB,"Survive","Something Big","Mary Mary",2011-03-28,219133,29,false,xxx,2025-07-15T22:28:34Z,"gospel,gospel r&b","Columbia",0.679,0.867,7,-3.649,1,0.0468,0.208,0,0.14,0.835,90.018,4
spotify:track:2hl9ONQ7YGgZGYx0OSHvIq,"Philadelphia Freedom","Captain Fantastic And The Brown Dirt Cowboy","Elton John",1975-05-19,324573,56,false,xxx,2025-07-15T23:29:21Z,"","EMI",0.712,0.681,0,-6.351,0,0.0294,0.0444,0.000235,0.0592,0.809,125.497,4
spotify:track:7z3aH1QV2zwMKXxShBNOGe,"Le Freak","Le Freak / Savior Faire","CHIC",1978,210246,54,false,xxx,2025-07-15T23:42:37Z,"disco,funk","Rhino Atlantic",0.847,0.491,7,-15.707,1,0.054,0.0363,0.000687,0.186,0.875,119.873,4
